image,ID,order_number_id_id,user_id_id,date,status,reason_id
payments/images/Screenshot_20220429-110234_BancoEstado.jpg,429,603,86,2022-04-29T15:02:50.604217+00:00,3,3
payments/images/Screenshot_20220429-115224.png,428,602,281,2022-04-29T14:52:44.674275+00:00,1,3
payments/images/Screenshot_20220429-095155_Drive.jpg,427,601,217,2022-04-29T14:52:30.770019+00:00,1,3
payments/images/Screenshot_20220428-141709-599.png,426,600,120,2022-04-28T18:17:30.584567+00:00,3,3
payments/images/Screenshot_20220428-095541.png,425,598,164,2022-04-28T15:42:06.538395+00:00,3,3
payments/images/Screenshot_20220428-113858_BancoEstado.jpg,424,599,50,2022-04-28T15:40:19.162487+00:00,3,3
payments/images/Screenshot_20220426-205849_Santander.jpg,423,597,104,2022-04-27T00:59:15.254926+00:00,3,3
payments/images/Screenshot_20220426-205209_Mi_Banco.jpg,422,596,104,2022-04-27T00:57:00.542188+00:00,3,3
payments/images/Screenshot_20220426-141208.png,421,595,281,2022-04-26T17:12:25.835064+00:00,3,3
payments/images/Screenshot_20220426-140742.png,420,594,281,2022-04-26T17:08:03.112371+00:00,3,3
payments/images/Screenshot_20220426-135547.png,419,593,281,2022-04-26T16:56:25.095557+00:00,3,3
payments/images/Screenshot_20220426-115423_Drive.jpg,418,592,217,2022-04-26T16:54:43.784733+00:00,3,3
payments/images/Screenshot_20220426-114419_Santander.jpg,417,589,104,2022-04-26T15:44:49.141627+00:00,3,3
payments/images/Screenshot_20220426-123632.png,416,588,281,2022-04-26T15:37:16.953088+00:00,3,3
payments/images/Screenshot_20220426-094152_Santander.jpg,415,586,199,2022-04-26T13:42:26.611793+00:00,3,3
payments/images/Screenshot_20220426-092456-422.png,414,585,120,2022-04-26T13:25:30.853166+00:00,3,3
payments/images/Screenshot_20220425-225029.png,413,584,164,2022-04-26T01:50:48.427229+00:00,3,3
payments/images/Screenshot_20220425-200404_BancoEstado.jpg,412,583,50,2022-04-26T00:05:02.519952+00:00,3,3
payments/images/Screenshot_20220425-154524_Santander.jpg,411,582,104,2022-04-25T19:45:30.086643+00:00,3,3
payments/images/Screenshot_20220425-103837.png,410,581,281,2022-04-25T13:40:09.709712+00:00,2,1
payments/images/Screenshot_20220425-103207.png,409,580,281,2022-04-25T13:32:58.645110+00:00,3,3
payments/images/Screenshot_20220424-153357.png,408,579,281,2022-04-24T18:34:22.643193+00:00,3,3
payments/images/Screenshot_2022-04-22-22-16-47-910_cl.android.jpg,407,578,126,2022-04-23T02:17:05.883936+00:00,3,3
payments/images/Screenshot_20220422-140456.png,406,577,281,2022-04-22T17:07:40.068439+00:00,3,3
payments/images/Screenshot_20220422-091121.png,404,576,281,2022-04-22T12:13:27.497393+00:00,3,3
payments/images/Screenshot_20220421-122422.png,403,574,281,2022-04-21T15:25:03.627998+00:00,3,3
payments/images/Screenshot_20220420-162418_Acrobat_for_Samsung.jpg,402,573,301,2022-04-20T19:24:44.658382+00:00,3,3
payments/images/Screenshot_20220420-151826_Santander.jpg,401,572,104,2022-04-20T19:18:27.146658+00:00,3,3
payments/images/Screenshot_2022-04-20-11-49-53-954_net.veritran.becl.prod.jpg,400,571,135,2022-04-20T15:50:16.189577+00:00,3,3
payments/images/IMG-20220419-WA0076.jpg,399,570,196,2022-04-20T14:58:27.743383+00:00,2,1
payments/images/Screenshot_20220420-101859_Santander.jpg,398,569,50,2022-04-20T14:19:23.335334+00:00,3,3
payments/images/404C7C2A-BAFF-4443-9053-C0DA9892B65C.png,397,568,188,2022-04-19T15:41:54.688106+00:00,3,3
payments/images/Screenshot_20220419-112120_Acrobat_for_Samsung.jpg,396,567,301,2022-04-19T14:22:15.285194+00:00,3,3
payments/images/Screenshot_20220419-071626.png,395,565,122,2022-04-19T11:25:15.164322+00:00,3,3
payments/images/Screenshot_2022-04-19-07-19-24-563_net.veritran.becl.prod.jpg,394,563,171,2022-04-19T11:19:35.918976+00:00,3,3
payments/images/Screenshot_20220418-174550_BancoEstado.jpg,393,562,86,2022-04-18T21:46:04.399700+00:00,3,3
payments/images/Screenshot_2022-04-18-14-25-33-481_net.veritran.becl.prod.jpg,392,561,135,2022-04-18T18:25:50.792188+00:00,3,3
payments/images/Screenshot_2022-04-18-14-19-27-423_net.veritran.becl.prod.jpg,391,560,135,2022-04-18T18:19:52.151042+00:00,3,3
payments/images/Screenshot_20220418-142552_8DBmrn2.png,390,559,281,2022-04-18T18:16:35.412899+00:00,3,3
payments/images/Screenshot_20220418-133110-426.png,389,557,120,2022-04-18T17:31:35.488544+00:00,3,3
payments/images/Screenshot_20220418-142552.png,388,556,281,2022-04-18T17:27:15.851517+00:00,2,2
payments/images/Screenshot_20220418-130620_BancoEstado.jpg,387,555,50,2022-04-18T17:06:44.245938+00:00,3,3
payments/images/Screenshot_2022-04-18-10-55-24-968_net.veritran.becl.prod.jpg,386,554,135,2022-04-18T14:55:44.700850+00:00,3,3
payments/images/Screenshot_20220418-105411.png,385,553,281,2022-04-18T13:55:44.759910+00:00,3,3
payments/images/Screenshot_20220418-063120_BancoEstado.jpg,384,552,50,2022-04-18T10:33:10.744548+00:00,3,3
payments/images/Screenshot_20220416-145338.png,383,548,281,2022-04-16T17:58:58.167500+00:00,3,3
payments/images/Screenshot_20220416-105713_Santander.jpg,382,547,54,2022-04-16T15:00:09.612292+00:00,3,3
payments/images/Screenshot_20220415-173532_BancoEstado.jpg,381,545,50,2022-04-15T21:40:40.507219+00:00,3,3
payments/images/Screenshot_20220415-173759_Banco_Falabella.jpg,380,544,50,2022-04-15T21:39:52.308867+00:00,3,3
payments/images/tempFile492735023598299480.jpg,379,543,73,2022-04-15T20:24:57.674473+00:00,3,3
payments/images/Screenshot_2022-04-15-14-37-47-060_cl.android.jpg,378,542,171,2022-04-15T18:37:57.397948+00:00,3,3
payments/images/Screenshot_20220415-114739.png,377,541,281,2022-04-15T14:48:54.005896+00:00,3,3
payments/images/Screenshot_20220414_150520_com.Slack.jpg,376,540,139,2022-04-14T20:05:52.626513+00:00,3,3
payments/images/Screenshot_20220414_150129_com.Slack.jpg,375,539,139,2022-04-14T20:04:08.667501+00:00,3,3
payments/images/Screenshot_20220414_145914_com.Slack.jpg,374,538,139,2022-04-14T19:59:41.219033+00:00,3,3
payments/images/IMG_20220414_150203.jpg,373,537,211,2022-04-14T19:03:22.114970+00:00,3,3
payments/images/Screenshot_20220414-130808_Bancolombia.jpg,372,536,61,2022-04-14T18:09:02.362585+00:00,3,3
payments/images/Screenshot_20220414-100326_Ual.jpg,371,532,293,2022-04-14T14:39:08.013401+00:00,3,3
payments/images/IMG-20220413-WA0016.jpg,370,535,4,2022-04-13T22:15:56.168472+00:00,3,3
payments/images/Screenshot_20220413-185420_WhatsApp.jpg,369,533,303,2022-04-13T21:54:51.138613+00:00,3,3
payments/images/Screenshot_20220413-140254_WhatsApp.jpg,368,531,151,2022-04-13T18:03:19.295920+00:00,3,3
payments/images/Screenshot_20220413-085742_Santander.jpg,367,530,54,2022-04-13T13:00:19.370050+00:00,3,3
payments/images/Screenshot_20220412-173444_Santander.jpg,366,529,199,2022-04-12T21:35:08.299315+00:00,3,3
payments/images/20220412_111759.jpg,365,528,217,2022-04-12T16:18:26.922258+00:00,3,3
payments/images/Screenshot_20220412-122613_Lemon_Cash.jpg,364,527,301,2022-04-12T15:26:51.610963+00:00,3,3
payments/images/Screenshot_20220412-112135.png,363,526,281,2022-04-12T14:22:57.291049+00:00,3,3
payments/images/Screenshot_20220412-111604.png,362,525,281,2022-04-12T14:17:07.961058+00:00,3,3
payments/images/Screenshot_20220412-101847.png,361,524,300,2022-04-12T14:15:30.148015+00:00,3,3
payments/images/Screenshot_2022-04-11-11-45-18-490_cl.bci.app.personas.jpg,360,523,211,2022-04-11T15:45:56.185647+00:00,3,3
payments/images/Screenshot_20220411-105719_BancoEstado.jpg,359,522,86,2022-04-11T14:57:45.255262+00:00,3,3
payments/images/Screenshot_20220411-104157_Santander.jpg,358,521,50,2022-04-11T14:43:54.248083+00:00,3,3
payments/images/Screenshot_20220411-113807.png,357,520,281,2022-04-11T14:39:05.819488+00:00,3,3
payments/images/Screenshot_20220409-165345_Banco_Falabella.jpg,356,519,228,2022-04-09T22:21:13.918168+00:00,3,3
payments/images/Screenshot_2022-04-09-10-12-15-395_cl.android_J1jUU3q.jpg,355,518,171,2022-04-09T14:59:43.554726+00:00,3,3
payments/images/Screenshot_2022-04-09-10-12-15-395_cl.android_mZ6AgYa.jpg,354,516,171,2022-04-09T14:45:49.450847+00:00,2,2
payments/images/Screenshot_2022-04-09-10-13-43-216_cl.android.jpg,353,515,171,2022-04-09T14:14:04.611622+00:00,3,3
payments/images/Screenshot_2022-04-09-10-12-15-395_cl.android.jpg,352,514,171,2022-04-09T14:12:30.362164+00:00,2,2
payments/images/Screenshot_2022-04-09-10-08-39-872_net.veritran.becl.prod.jpg,351,513,171,2022-04-09T14:08:51.034407+00:00,3,3
payments/images/Screenshot_20220409-110231.png,350,512,297,2022-04-09T14:02:58.908112+00:00,3,3
payments/images/Screenshot_20220408-204818_BancoEstado.jpg,349,510,86,2022-04-09T00:48:36.877874+00:00,3,3
payments/images/IMG-20220408-WA0029.jpg,348,511,157,2022-04-08T23:31:47.327498+00:00,3,3
payments/images/Screenshot_2022-04-08-16-49-55-773_net.veritran.becl.prod.jpg,347,509,135,2022-04-08T20:50:17.696936+00:00,3,3
payments/images/Comprobante_14981606418.pdf,346,508,297,2022-04-08T20:13:42.995288+00:00,3,3
payments/images/Screenshot_20220408-151134_Santander.jpg,345,506,160,2022-04-08T19:11:48.819618+00:00,3,3
payments/images/Screenshot_20220408-130823.png,344,505,122,2022-04-08T17:14:07.368323+00:00,3,3
payments/images/Screenshot_20220408-115807_Banco_Falabella.jpg,343,504,228,2022-04-08T15:59:01.272365+00:00,3,3
payments/images/Screenshot_2022-04-08-10-42-13-909_net.veritran.becl.prod.jpg,342,501,135,2022-04-08T14:42:34.242558+00:00,3,3
payments/images/IMG_VT_20220407_124448_3462849297580617696_qdiSDTP.png,341,500,220,2022-04-07T18:49:56.702857+00:00,2,1
payments/images/IMG_VT_20220407_124448_3462849297580617696.png,340,499,220,2022-04-07T18:02:18.903478+00:00,3,3
payments/images/transferencia__nrqHvXr.png,339,497,220,2022-04-07T17:24:49.901412+00:00,2,1
payments/images/Screenshot_20220407-113243_Santander.jpg,338,496,104,2022-04-07T15:36:17.149259+00:00,3,3
payments/images/Screenshot_20220407-102442_Bancolombia.jpg,337,495,61,2022-04-07T15:26:11.019971+00:00,3,3
payments/images/Screenshot_20220406-174424_Santander.jpg,336,494,199,2022-04-06T21:44:45.730757+00:00,3,3
payments/images/Screenshot_20220406-174201_Santander.jpg,335,493,199,2022-04-06T21:42:16.652772+00:00,3,3
payments/images/Screenshot_20220406-173741_Santander.jpg,334,492,199,2022-04-06T21:40:20.134320+00:00,3,3
payments/images/Screenshot_20220406-140801_Brubank.jpg,333,491,229,2022-04-06T17:08:40.084763+00:00,3,3
payments/images/IMG-20220406-WA0018.jpg,332,490,293,2022-04-06T17:01:08.999758+00:00,3,3
payments/images/Screenshot_20220406-111520_Santander.jpg,331,489,50,2022-04-06T15:16:13.134364+00:00,3,3
payments/images/Screenshot_2022-04-05-19-19-34-331_cl.android.jpg,330,488,126,2022-04-05T23:19:41.567030+00:00,3,3
payments/images/Screenshot_20220405-152520.png,329,487,281,2022-04-05T18:58:07.100899+00:00,3,3
payments/images/03-04-2019-REINTEGRO_GASTOS_PASAJE_-_ACC_GOMEZ_EDGARDO_ALFREDO_STRO_39151_-_Grupo_Prof_Gral_Roca.pdf,328,486,281,2022-04-05T18:26:26.666629+00:00,2,1
payments/images/Screenshot_20220405-102816.jpg,327,485,292,2022-04-05T14:29:10.814452+00:00,3,3
payments/images/Pago_remesa_Venezuela.pdf,326,483,222,2022-04-04T16:34:34.081104+00:00,3,3
payments/images/KWC-101.zip,325,482,281,2022-04-04T13:14:03.513552+00:00,3,3
payments/images/Screenshot_20220402-161030_Santander.jpg,324,479,160,2022-04-02T19:11:08.975051+00:00,3,3
payments/images/Screenshot_20220402-072923.png,323,478,122,2022-04-02T10:35:15.321067+00:00,2,2
payments/images/Screenshot_20220402-073045.png,322,477,122,2022-04-02T10:33:17.478649+00:00,3,3
payments/images/Screenshot_2022-04-01-12-37-29-128_cl.bci.app.personas.jpg,321,476,211,2022-04-01T15:38:32.349449+00:00,3,3
payments/images/Screenshot_20220331_154110_com.Slack_YYR4R1g.jpg,320,475,139,2022-04-01T15:11:42.144288+00:00,3,3
payments/images/Screenshot_2022-04-01-10-35-44-794_cl.android.jpg,319,474,171,2022-04-01T13:36:02.578965+00:00,3,3
payments/images/Screenshot_20220331-203158_Santander.jpg,318,472,50,2022-03-31T23:32:30.789728+00:00,3,3
payments/images/Screenshot_20220331_154110_com.Slack_r5Ue1N1.jpg,317,471,139,2022-03-31T22:59:00.400653+00:00,2,2
payments/images/Screenshot_20220331_154110_com.Slack_22MgDw1.jpg,316,470,139,2022-03-31T22:45:30.177916+00:00,2,2
payments/images/Screenshot_20220331_153510_com.Slack_qdupuqK.jpg,315,469,139,2022-03-31T21:53:32.559640+00:00,2,1
payments/images/Screenshot_20220331_153226_com.Slack_mVq0eng.jpg,314,468,139,2022-03-31T21:49:38.270597+00:00,2,1
payments/images/Screenshot_20220331_154457_com.Slack.jpg,313,467,139,2022-03-31T21:48:05.188615+00:00,3,3
payments/images/Screenshot_20220331_154452_com.Slack.jpg,312,466,139,2022-03-31T21:45:35.651263+00:00,3,3
payments/images/Screenshot_20220331_153510_com.Slack_b4P7bPu.jpg,311,465,139,2022-03-31T21:42:46.740992+00:00,2,1
payments/images/Screenshot_20220331_154110_com.Slack.jpg,310,464,139,2022-03-31T21:42:12.278612+00:00,2,2
payments/images/Screenshot_20220331_153510_com.Slack.jpg,309,463,139,2022-03-31T21:36:23.813156+00:00,3,3
payments/images/Screenshot_20220331_153226_com.Slack.jpg,308,462,139,2022-03-31T21:33:03.997592+00:00,3,3
payments/images/Screenshot_20220331-161637.png,307,461,120,2022-03-31T19:17:07.636708+00:00,3,3
payments/images/Screenshot_20220331-092922_Santander.jpg,306,460,54,2022-03-31T12:31:23.034096+00:00,3,3
payments/images/IMG_20220330_175259888.jpg,305,459,124,2022-03-30T22:53:24.841369+00:00,3,3
payments/images/tempFile1313686128620317195.jpg,304,458,73,2022-03-30T22:33:17.286958+00:00,3,3
payments/images/IMG_20220330_172305600.jpg,303,457,124,2022-03-30T22:23:32.190422+00:00,3,3
payments/images/Screenshot_20220330-183329.png,302,456,288,2022-03-30T21:34:25.016471+00:00,3,3
payments/images/Screenshot_20220330-155222-438.png,301,455,120,2022-03-30T18:52:57.033169+00:00,3,3
payments/images/Screenshot_20220329_194341_com.whatsapp.jpg,300,454,284,2022-03-29T22:43:59.806113+00:00,3,3
payments/images/Screenshot_2022-03-29-14-58-11-377_cl.android.jpg,299,453,171,2022-03-29T18:02:21.243042+00:00,3,3
payments/images/Screenshot_20220329-134651.png,298,450,281,2022-03-29T16:47:38.767896+00:00,3,3
payments/images/Screenshot_20220329-112544_Santander.jpg,297,448,54,2022-03-29T14:26:17.392942+00:00,3,3
payments/images/Screenshot_20220329-104114.png,296,449,135,2022-03-29T13:41:52.834533+00:00,3,3
payments/images/Screenshot_20220328-180036_Santander.jpg,295,447,50,2022-03-28T21:03:49.829879+00:00,3,3
payments/images/Screenshot_20220328-175953_Santander.jpg,294,446,50,2022-03-28T21:03:02.747412+00:00,3,3
payments/images/Screenshot_20220328-130326_Bancolombia.jpg,293,444,61,2022-03-28T18:05:09.640517+00:00,3,3
payments/images/Screenshot_20220328-140704_BancoEstado.jpg,292,445,50,2022-03-28T17:07:28.567113+00:00,3,3
payments/images/Screenshot_20220328-091631_BancoEstado.jpg,291,442,50,2022-03-28T12:18:19.808221+00:00,3,3
payments/images/Screenshot_2022-03-27-09-59-56-375_com.google.android.gm.jpg,290,440,211,2022-03-27T15:00:14.544462+00:00,3,3
payments/images/Screenshot_2022-03-27-09-32-13-602_cl.android.jpg,289,439,126,2022-03-27T12:32:23.975953+00:00,3,3
payments/images/Screenshot_20220325-231837.png,288,438,164,2022-03-26T02:19:00.844971+00:00,3,3
payments/images/Screenshot_20220325-192431_BancoEstado.jpg,287,437,86,2022-03-25T22:24:57.868487+00:00,3,3
payments/images/D38C3F5A-E1C4-43CB-A1AB-14913D0A78D0.png,286,436,188,2022-03-25T21:34:57.862354+00:00,3,3
payments/images/IMG-20220324-WA0012.jpg,285,435,157,2022-03-24T19:14:30.823553+00:00,3,3
payments/images/Screenshot_20220323-125719_Santander.jpg,283,433,199,2022-03-23T16:03:58+00:00,3,3
payments/images/Screenshot_20220323-091703_Brubank.jpg,282,429,229,2022-03-23T12:17:29+00:00,3,3
payments/images/Screenshot_20220322-095629_Santander.jpg,281,427,199,2022-03-22T12:56:43+00:00,3,3
payments/images/Screenshot_20220321-183556.png,280,426,35,2022-03-21T21:36:08+00:00,3,3
payments/images/639E8D0D-8BFD-4BF4-80BB-FAAC8AC16353.png,279,425,188,2022-03-21T17:45:19+00:00,3,3
payments/images/Screenshot_20220321-115225_Santander.jpg,278,424,50,2022-03-21T14:53:37+00:00,3,3
payments/images/Screenshot_20220320-184809.png,277,423,4,2022-03-21T14:23:46+00:00,2,2
payments/images/IMG-20220320-WA0039.jpg,276,422,196,2022-03-21T12:36:34+00:00,2,1
payments/images/Screenshot_2022-03-19-10-31-00-551_cl.android_N9Rfh2S.jpg,275,418,171,2022-03-19T13:57:47+00:00,3,3
payments/images/Screenshot_2022-03-19-10-31-00-551_cl.android.jpg,274,417,171,2022-03-19T13:31:11+00:00,1,3
payments/images/Screenshot_2022-03-18-18-33-17-254_cl.bci.app.personas.jpg,273,373,142,2022-03-18T22:37:13+00:00,2,1
payments/images/Screenshot_2022-03-18-18-04-40-444_cl.android.jpg,272,414,126,2022-03-18T21:05:02+00:00,3,3
payments/images/IMG-20220318-WA0060.jpg,271,413,171,2022-03-18T20:55:02+00:00,3,3
payments/images/Screenshot_2022-03-18-11-01-18-525_cl.android.jpg,270,407,171,2022-03-18T14:01:37+00:00,3,3
payments/images/Screenshot_2022-03-17-16-27-45-191_cl.android.jpg,269,405,126,2022-03-17T19:28:11+00:00,3,3
payments/images/Screenshot_20220317-161431.png,268,404,135,2022-03-17T19:18:46+00:00,3,3
payments/images/IMG-20220317-WA0015.jpg,267,402,151,2022-03-17T17:15:23+00:00,3,3
payments/images/comprobante_lQIil4j.jpg,266,401,206,2022-03-17T16:46:27+00:00,2,1
payments/images/Screenshot_20220317-131212.png,265,400,35,2022-03-17T16:12:35+00:00,3,3
payments/images/tempFile8132457483954064812.jpg,264,399,73,2022-03-17T15:53:45+00:00,3,3
payments/images/Screenshot_20220317-114852_Banco_Falabella.jpg,263,397,50,2022-03-17T14:49:25+00:00,3,3
payments/images/Screenshot_20220317-114817.png,262,396,135,2022-03-17T14:48:30+00:00,3,3
payments/images/Screenshot_20220317-104434_Santander.jpg,261,395,54,2022-03-17T13:46:21+00:00,3,3
payments/images/Screenshot_20220316_143703_com.Slack.jpg,260,394,139,2022-03-16T20:37:56+00:00,3,3
payments/images/Screenshot_20220316_143655_com.Slack.jpg,259,393,139,2022-03-16T20:37:29+00:00,3,3
payments/images/Screenshot_20220316_143423_com.Slack.jpg,258,392,139,2022-03-16T20:34:39+00:00,3,3
payments/images/Screenshot_20220316_143137_com.Slack.jpg,257,391,139,2022-03-16T20:32:08+00:00,3,3
payments/images/Screenshot_20220316_142545_com.Slack.jpg,256,390,139,2022-03-16T20:26:05+00:00,3,3
payments/images/Screenshot_20220316-152912_WhatsApp.jpg,255,388,229,2022-03-16T18:29:57+00:00,3,3
payments/images/IMG-20220315-WA0020.jpg,254,386,228,2022-03-15T19:12:02+00:00,2,1
payments/images/Screenshot_20220315-151634_Banco_Falabella.jpg,253,385,228,2022-03-15T18:16:57+00:00,3,3
payments/images/E39D85A5-2737-4413-A6FC-8F3B33FA9E63.png,252,377,188,2022-03-14T17:45:54+00:00,3,3
payments/images/Screenshot_20220314-124502_Santander.jpg,251,376,54,2022-03-14T16:21:28+00:00,2,2
payments/images/Screenshot_20220314-112259_Santander.jpg,250,375,104,2022-03-14T15:20:52+00:00,3,3
payments/images/Screenshot_2022-03-14-10-27-55-980_cl.bci.app.personas.jpg,249,374,142,2022-03-14T14:31:30+00:00,3,3
payments/images/Screenshot_2022-03-13-14-15-02-037_cl.bci.app.personas.jpg,248,372,211,2022-03-13T17:20:19+00:00,3,3
payments/images/Screenshot_20220313-115855_Banco_Falabella.jpg,247,371,228,2022-03-13T14:59:19+00:00,3,3
payments/images/D426D6EF-30D0-4263-BB7F-E02BCBA29BA5.png,246,365,188,2022-03-12T22:26:02+00:00,3,3
payments/images/780B428B-0C86-411E-BB19-07A72E604573.png,245,364,188,2022-03-12T19:04:13+00:00,3,3
payments/images/Screenshot_20220312-141108_BancoEstado.jpg,244,363,50,2022-03-12T17:11:23+00:00,3,3
payments/images/tempFile2616760354994208066.jpg,243,362,73,2022-03-12T15:41:51+00:00,3,3
payments/images/Screenshot_20220312-095809.png,242,361,122,2022-03-12T12:57:23+00:00,3,3
payments/images/Screenshot_20220311-111042_Santander.jpg,241,359,160,2022-03-11T14:12:16+00:00,3,3
payments/images/IMG_20220311_084343.jpg,240,357,243,2022-03-11T13:44:30+00:00,3,3
payments/images/Screenshot_20220311-103555_Santander.jpg,239,355,245,2022-03-11T13:36:27+00:00,3,3
payments/images/Screenshot_20220311-090805_Santander.jpg,238,354,199,2022-03-11T12:08:38+00:00,3,3
payments/images/Screenshot_20220310-173813_Banco_Falabella.jpg,237,353,228,2022-03-10T20:38:44+00:00,3,3
payments/images/Screenshot_20220310-163459_Santander.jpg,236,352,199,2022-03-10T19:35:29+00:00,3,3
payments/images/Screenshot_2022-03-10-14-30-01-795_cl.bci.app.personas.jpg,235,351,211,2022-03-10T17:34:38+00:00,3,3
payments/images/Screenshot_20220310-095912.png,234,350,164,2022-03-10T12:59:50+00:00,3,3
payments/images/Screenshot_20220309-190702_BancoEstado.jpg,233,348,86,2022-03-09T22:07:15+00:00,3,3
payments/images/Screenshot_20220309-184721.png,232,347,164,2022-03-09T21:47:53+00:00,3,3
payments/images/Screenshot_20220309-144722.png,231,346,135,2022-03-09T17:47:33+00:00,1,3
payments/images/Screenshot_20220309-113148_BancoEstado.jpg,230,345,50,2022-03-09T14:32:06+00:00,3,3
payments/images/25CC6B2F-FAD4-470C-B96F-06777D4236C0.png,229,342,188,2022-03-07T15:48:13+00:00,3,3
payments/images/Screenshot_20220306-154059_Banco_Falabella.jpg,228,340,228,2022-03-06T18:41:37+00:00,3,3
payments/images/Screenshot_20220306-153139_Banco_Falabella.jpg,227,339,228,2022-03-06T18:32:30+00:00,3,3
payments/images/Screenshot_20220306-141633_Santander.jpg,226,338,199,2022-03-06T17:17:23+00:00,3,3
payments/images/Screenshot_20220305-115844_BancoEstado.jpg,225,334,86,2022-03-05T14:59:07+00:00,3,3
payments/images/Screenshot_2022-03-04-21-24-43-171_cl.bci.app.personas.jpg,224,279,142,2022-03-05T00:26:05+00:00,3,1
payments/images/Screenshot_2022-03-04-19-19-22-519_cl.android.jpg,223,333,126,2022-03-04T22:19:34+00:00,3,3
payments/images/Screenshot_20220304-161016_Banco_Falabella.jpg,222,332,50,2022-03-04T19:12:40+00:00,3,3
payments/images/Screenshot_20220304-160830_Banco_Falabella.jpg,221,331,50,2022-03-04T19:08:50+00:00,3,3
payments/images/Screenshot_20220304-110638.png,220,329,135,2022-03-04T14:07:16+00:00,3,3
payments/images/Screenshot_20220304-105353_Santander.jpg,219,328,54,2022-03-04T13:54:51+00:00,3,3
payments/images/Screenshot_20220303_151002_com.whatsapp.jpg,218,326,139,2022-03-03T21:18:24+00:00,3,3
payments/images/Pago_de_Mexico_a_Banesco.pdf,216,323,222,2022-03-03T20:40:42+00:00,3,3
payments/images/IMG_20220303_165201.jpg,215,321,138,2022-03-03T19:54:20+00:00,3,3
payments/images/Screenshot_20220303_130201_com.android.chrome.jpg,214,320,138,2022-03-03T16:03:27+00:00,3,3
payments/images/Screenshot_20220303-115111.png,213,319,35,2022-03-03T14:51:34+00:00,3,3
payments/images/Screenshot_20220303-065237.png,212,318,122,2022-03-03T09:52:26+00:00,3,3
payments/images/Screenshot_20220303-064203.png,211,317,122,2022-03-03T09:42:54+00:00,3,3
payments/images/Screenshot_20220302-141800.png,210,315,120,2022-03-02T17:18:26+00:00,3,3
payments/images/Screenshot_2022-03-02-13-48-36-018_com.whatsapp.jpg,209,314,126,2022-03-02T16:49:05+00:00,3,3
payments/images/Screenshot_20220302-134322_Banco_Falabella.jpg,208,313,50,2022-03-02T16:43:37+00:00,3,3
payments/images/Screenshot_20220302-133827_Banco_Falabella.jpg,207,312,50,2022-03-02T16:38:44+00:00,3,3
payments/images/Screenshot_20220302-111205_BancoEstado.jpg,206,311,50,2022-03-02T14:12:31+00:00,3,3
payments/images/transferencia_.png,205,310,220,2022-03-01T22:13:11+00:00,3,3
payments/images/Screenshot_20220301-152959_BancoEstado.jpg,204,309,50,2022-03-01T18:30:29+00:00,3,3
payments/images/Screenshot_20220301-110911_BancoEstado.jpg,203,308,86,2022-03-01T14:09:24+00:00,3,3
payments/images/Screenshot_20220228_170240_com.whatsapp.jpg,202,307,139,2022-02-28T23:05:43+00:00,2,2
payments/images/Screenshot_20220228_165938_com.whatsapp.jpg,201,306,139,2022-02-28T22:59:56+00:00,2,1
payments/images/Screenshot_20220228_153110_com.whatsapp.jpg,200,305,139,2022-02-28T21:33:18+00:00,3,3
payments/images/Screenshot_20220228_151547_com.whatsapp.jpg,199,304,139,2022-02-28T21:16:45+00:00,3,3
payments/images/Screenshot_20220228_151541_com.whatsapp.jpg,198,303,139,2022-02-28T21:16:17+00:00,3,3
payments/images/Screenshot_20220228-175119-715.png,197,302,120,2022-02-28T20:51:59+00:00,3,3
payments/images/Screenshot_20220228_135622_com.whatsapp.jpg,196,301,139,2022-02-28T19:57:27+00:00,3,3
payments/images/Screenshot_20220228_135615_com.whatsapp.jpg,195,300,139,2022-02-28T19:56:56+00:00,3,3
payments/images/comprobante.jpg,194,298,206,2022-02-28T18:58:00+00:00,3,3
payments/images/Screenshot_20220228-131247_Santander.jpg,193,297,160,2022-02-28T16:13:28+00:00,3,3
payments/images/Screenshot_20220228-100530.png,192,296,164,2022-02-28T13:05:52+00:00,3,3
payments/images/Screenshot_20220227-170307.png,191,295,135,2022-02-27T20:04:00+00:00,3,3
payments/images/Screenshot_20220226_190829_com.google.android.apps.docs.jpg,189,292,138,2022-02-26T22:10:41+00:00,3,3
payments/images/Screenshot_20220226-123558_Santander.jpg,188,291,54,2022-02-26T15:37:45+00:00,3,3
payments/images/tempFile4610312527154544492.jpg,187,290,73,2022-02-25T22:11:52+00:00,3,3
payments/images/tempFile7492602668458210871.jpg,186,288,73,2022-02-25T19:32:07+00:00,3,3
payments/images/Screenshot_20220224-150914.png,185,287,179,2022-02-24T21:10:17+00:00,3,3
payments/images/96B1A2E0-D76F-42A9-B352-865E0FD475EE.png,184,286,188,2022-02-24T20:38:41+00:00,3,3
payments/images/IMG-20220224-WA0000.jpg,183,285,210,2022-02-24T13:11:10+00:00,3,3
payments/images/20220222_154323.jpg,182,282,57,2022-02-22T18:43:43+00:00,3,3
payments/images/IMG-20220207-WA0019.jpg,181,281,4,2022-02-22T18:28:28+00:00,3,3
payments/images/IMG-20220217-WA0013.jpg,180,280,4,2022-02-20T23:03:41+00:00,3,3
payments/images/Screenshot_20220219-123121.png,179,278,164,2022-02-19T15:31:52+00:00,3,3
payments/images/Screenshot_20220218-185439_BancoEstado.jpg,178,277,50,2022-02-18T21:55:27+00:00,3,3
payments/images/Screenshot_20220218_132327_com.Slack.jpg,177,275,139,2022-02-18T21:18:17+00:00,3,3
payments/images/Screenshot_20220218-161413.png,176,274,135,2022-02-18T19:14:51+00:00,3,3
payments/images/Screenshot_20220218-144524.png,175,273,135,2022-02-18T17:45:52+00:00,3,3
payments/images/Screenshot_20220218-124224_BancoEstado.jpg,174,272,50,2022-02-18T15:42:47+00:00,3,3
payments/images/Screenshot_20220216-204506_WhatsApp.jpg,173,271,104,2022-02-16T23:45:29+00:00,3,3
payments/images/Screenshot_20220216-152854_WhatsApp.jpg,172,264,198,2022-02-16T21:29:22+00:00,3,3
payments/images/IMG_20220216_130903.jpg,171,269,193,2022-02-16T19:26:09+00:00,3,3
payments/images/Screenshot_20220216-130545.png,170,267,154,2022-02-16T16:11:02+00:00,3,3
payments/images/Screenshot_20220216-114529_Santander.jpg,169,266,199,2022-02-16T14:45:52+00:00,3,3
payments/images/Screenshot_20220216-113529_Santander.jpg,168,265,199,2022-02-16T14:35:55+00:00,3,3
payments/images/Screenshot_20220215_182033_com.whatsapp_l3LDdMP.jpg,167,263,139,2022-02-16T00:27:31+00:00,3,3
payments/images/Screenshot_20220215_182033_com.whatsapp.jpg,166,262,139,2022-02-16T00:26:21+00:00,2,1
payments/images/Screenshot_20220215_182208_com.whatsapp.jpg,165,261,139,2022-02-16T00:23:41+00:00,3,3
payments/images/Screenshot_20220215_181725_com.whatsapp.jpg,164,260,139,2022-02-16T00:17:50+00:00,3,3
payments/images/Screenshot_20220215-201051_BancoEstado.jpg,163,259,86,2022-02-15T23:11:12+00:00,3,3
payments/images/Screenshot_20220215-141307_BancoEstado.jpg,161,257,50,2022-02-15T17:13:40+00:00,3,3
payments/images/46786C8F-B3A3-44B6-9400-AFB258657A37.png,160,255,188,2022-02-15T16:17:00+00:00,3,3
payments/images/Screenshot_20220215-124939.png,159,254,164,2022-02-15T15:50:08+00:00,3,3
payments/images/IMG_20220215_123034.jpg,158,253,138,2022-02-15T15:31:58+00:00,3,3
payments/images/Screenshot_20220215-115739.png,157,252,135,2022-02-15T14:58:05+00:00,3,3
payments/images/tempFile3463914228813037846.jpg,156,251,73,2022-02-15T14:43:37+00:00,3,3
payments/images/20220214_111733.jpg,155,249,133,2022-02-14T16:18:32+00:00,3,3
payments/images/Screenshot_20220214-101430_Santander.jpg,154,244,54,2022-02-14T13:16:02+00:00,3,3
payments/images/pago.png,153,243,4,2022-02-12T22:12:46+00:00,3,3
payments/images/Screenshot_20220211-100502.png,152,242,154,2022-02-11T13:05:37+00:00,3,3
payments/images/IMG_20220210_133407747.jpg,151,241,154,2022-02-10T16:34:49+00:00,3,3
payments/images/Screenshot_20220210-130806_WhatsApp.jpg,150,240,148,2022-02-10T16:08:44+00:00,3,3
payments/images/Screenshot_20220210-093930_BancoEstado_8Ef5LHz.jpg,149,239,50,2022-02-10T13:19:44+00:00,2,1
payments/images/Screenshot_20220210-094223_WhatsApp.jpg,148,238,50,2022-02-10T12:46:00+00:00,3,3
payments/images/Screenshot_20220210-093930_BancoEstado.jpg,147,237,50,2022-02-10T12:41:04+00:00,3,3
payments/images/IMG-20220209-WA0230.jpg,146,236,119,2022-02-09T18:54:37+00:00,3,3
payments/images/Screenshot_20220209-131455_Banco_Falabella.jpg,145,235,50,2022-02-09T16:15:12+00:00,3,3
payments/images/68a9f187-d357-40de-a908-16775a8d7d36.jpg,144,233,157,2022-02-07T21:41:40+00:00,3,3
payments/images/IMG-20220206-WA0083.jpg,143,232,157,2022-02-07T13:38:34+00:00,3,3
/media/payments/images/Screenshot_20220205-143546_Santander.jpg,136,225,50,2022-02-05T17:37:09+00:00,3,3
/media/payments/images/Screenshot_20220205-105912_Banco_Chile.jpg,135,224,36,2022-02-05T14:09:40+00:00,3,3
/media/payments/images/Screenshot_2022-02-04-21-19-04-074_cl.bci.app.personas.jpg,134,223,142,2022-02-05T00:19:25+00:00,3,3
/media/payments/images/Screenshot_20220204-143840_Santander.jpg,133,222,57,2022-02-04T17:39:01+00:00,3,3
/media/payments/images/Screenshot_20220203-155153_Banco_Falabella.jpg,132,221,50,2022-02-03T18:52:20+00:00,3,3
/media/payments/images/Screenshot_20220203-104133_BancoEstado.jpg,131,219,50,2022-02-03T13:41:46+00:00,3,3
/media/payments/images/Screenshot_20220203-100731_BancoEstado.jpg,130,218,50,2022-02-03T13:10:40+00:00,3,3
/media/payments/images/Screenshot_20220202-113244_BciPass.jpg,129,217,140,2022-02-02T14:33:15+00:00,3,3
/media/payments/images/Screenshot_20220202-112750_BciPass.jpg,128,216,140,2022-02-02T14:28:42+00:00,3,3
/media/payments/images/Screenshot_20220201-231634_Re0k9Co.png,127,215,122,2022-02-02T10:08:36+00:00,3,3
/media/payments/images/Screenshot_20220201-231634.png,126,214,122,2022-02-02T02:27:04+00:00,2,1
/media/payments/images/tempFile2085405039782348111.jpg,125,213,73,2022-02-01T17:38:00+00:00,3,3
/media/payments/images/Screenshot_20220201-110158_Santander.jpg,124,212,54,2022-02-01T14:02:26+00:00,3,3
/media/payments/images/Screenshot_20220131-224733.png,123,211,164,2022-02-01T01:49:20+00:00,3,3
/media/payments/images/Screenshot_20220131-211051_BancoEstado.jpg,122,210,86,2022-02-01T00:11:03+00:00,3,3
/media/payments/images/Screenshot_20220131-201450.png,121,209,120,2022-01-31T23:15:13+00:00,3,3
/media/payments/images/IMG-20220128-WA0005_91vkkn1.jpg,120,208,4,2022-01-31T22:32:13+00:00,3,3
/media/payments/images/20220131_161326.jpg,119,207,160,2022-01-31T19:13:58+00:00,3,3
/media/payments/images/Screenshot_20220131-114122_BancoEstado.jpg,118,206,86,2022-01-31T14:41:48+00:00,3,3
/media/payments/images/IMG-20220128-WA0005_ciWqmsd.jpg,117,205,4,2022-01-31T14:31:11+00:00,3,3
/media/payments/images/Screenshot_20220130-144937_Santander.jpg,116,204,54,2022-01-30T17:49:57+00:00,3,3
/media/payments/images/Screenshot_20220130-104316.png,114,202,120,2022-01-30T13:43:47+00:00,3,3
/media/payments/images/IMG-20220128-WA0005.jpg,112,200,4,2022-01-29T14:06:40+00:00,3,3
/media/payments/images/Screenshot_20220128-121718_Bci.jpg,111,199,140,2022-01-28T15:17:46+00:00,3,3
/media/payments/images/Screenshot_20220128-105214_Santander.jpg,110,198,54,2022-01-28T13:52:40+00:00,3,3
/media/payments/images/IMG-20220127-WA0042.jpg,109,197,151,2022-01-28T02:11:50+00:00,3,3
/media/payments/images/IMG-20220127-WA0024.jpg,108,195,4,2022-01-28T00:11:59+00:00,3,3
/media/payments/images/Screenshot_20220127-103143_BancoEstado.jpg,107,194,50,2022-01-27T13:32:15+00:00,3,3
/media/payments/images/Screenshot_20220126-132454.png,106,193,120,2022-01-26T16:25:11+00:00,3,3
/media/payments/images/IMG-20220124-WA0055.jpg,105,192,4,2022-01-25T01:42:08+00:00,3,3
/media/payments/images/Screenshot_2022-01-24-13-20-53-555_cl.bci.app.personas.jpg,104,191,147,2022-01-24T16:21:33+00:00,3,3
/media/payments/images/IMG-20220121-WA0015.jpg,103,190,4,2022-01-22T01:29:58+00:00,3,3
/media/payments/images/Screenshot_2022-01-21-19-29-30-560_cl.android.jpg,102,189,126,2022-01-21T22:29:49+00:00,3,3
/media/payments/images/Screenshot_20220121-112602_Santander.jpg,101,188,54,2022-01-21T14:26:29+00:00,3,3
/media/payments/images/Screenshot_20220120-125426_BancoEstado.jpg,100,186,50,2022-01-20T15:55:30+00:00,3,3
/media/payments/images/tempFile2792106548778983572.jpg,99,185,73,2022-01-18T16:29:21+00:00,3,3
/media/payments/images/Screenshot_20220118-100620.png,98,184,135,2022-01-18T13:06:36+00:00,3,3
/media/payments/images/Screenshot_20220117-182312_Santander.jpg,97,183,54,2022-01-17T21:23:40+00:00,3,3
/media/payments/images/Screenshot_20220117-112349_BancoEstado.jpg,96,182,50,2022-01-17T14:24:07+00:00,3,3
/media/payments/images/Screenshot_20220117-105538_Santander.jpg,95,181,50,2022-01-17T13:56:08+00:00,3,3
/media/payments/images/Screenshot_20220116-195715_BancoEstado.jpg,94,179,50,2022-01-16T22:58:23+00:00,3,3
/media/payments/images/Screenshot_20220116-195632_BancoEstado.jpg,93,178,50,2022-01-16T22:57:37+00:00,3,3
/media/payments/images/Screenshot_20220116-145114_BancoEstado.jpg,91,177,50,2022-01-16T17:52:04+00:00,3,3
/media/payments/images/Screenshot_20220116-082008_Santander_oLcQRji.jpg,90,176,50,2022-01-16T12:42:13+00:00,3,3
/media/payments/images/Screenshot_20220116-082504_BancoEstado.jpg,88,173,50,2022-01-16T11:25:24+00:00,3,3
/media/payments/images/Screenshot_20220116-082008_Santander.jpg,87,171,50,2022-01-16T11:20:33+00:00,2,2
/media/payments/images/Screenshot_20220115-141901_BancoEstado.jpg,86,170,50,2022-01-15T17:20:22+00:00,3,3
/media/payments/images/Screenshot_2022-01-13-12-32-01-358_com.google.android.apps.docs.jpg,85,167,137,2022-01-13T15:32:50+00:00,3,3
/media/payments/images/Screenshot_20220113-090610.png,83,166,122,2022-01-13T12:06:22+00:00,3,3
/media/payments/images/Screenshot_20220112-141933.png,82,165,124,2022-01-12T19:20:31+00:00,3,3
/media/payments/images/IMG-20220111-WA0004.jpg,81,161,126,2022-01-11T17:51:19+00:00,3,3
/media/payments/images/IMG-20220111-WA0001.jpg,79,158,126,2022-01-11T13:11:29+00:00,3,3
/media/payments/images/Screenshot_20220110-224018_Banco_Chile.jpg,78,157,36,2022-01-11T01:45:43+00:00,3,3
/media/payments/images/IMG-20220108-WA0057_8kz2kjF.jpg,77,155,4,2022-01-10T22:10:27+00:00,3,3
/media/payments/images/IMG-20220108-WA0057.jpg,76,154,4,2022-01-10T21:50:32+00:00,3,3
/media/payments/images/Screenshot_20220109-180107.png,75,152,135,2022-01-09T21:01:28+00:00,3,3
/media/payments/images/co.png,74,151,4,2022-01-08T16:45:37+00:00,3,3
/media/payments/images/1641643807188.png,73,150,122,2022-01-08T12:15:39+00:00,3,3
/media/payments/images/Screenshot_20220107-200845.png,72,149,122,2022-01-07T23:08:51+00:00,3,3
/media/payments/images/Screenshot_20220107-183226_BancoEstado.jpg,71,148,50,2022-01-07T21:33:08+00:00,3,3
/media/payments/images/Screenshot_20220107-082444.png,70,147,124,2022-01-07T14:00:22+00:00,3,3
/media/payments/images/20220107_085608.jpg,69,145,129,2022-01-07T11:58:10+00:00,3,3
/media/payments/images/Screenshot_20220106-192732_BancoEstado.jpg,68,143,86,2022-01-06T22:27:59+00:00,3,3
/media/payments/images/IMG-20220106-WA0016.jpg,67,142,4,2022-01-06T21:31:54+00:00,3,3
/media/payments/images/Screenshot_20220106-113817.png,66,141,35,2022-01-06T14:38:44+00:00,3,3
/media/payments/images/Screenshot_20220106-112710_Santander.jpg,65,140,50,2022-01-06T14:28:19+00:00,3,3
/media/payments/images/Screenshot_20220105-184156.png,64,138,35,2022-01-05T21:42:21+00:00,3,3
/media/payments/images/Screenshot_20220104-233642.png,63,136,122,2022-01-05T02:36:51+00:00,3,3
/media/payments/images/tempFile274028926958535078.jpg,62,135,73,2022-01-04T21:05:37+00:00,3,3
/media/payments/images/Screenshot_20220104-131125.png,61,134,120,2022-01-04T16:12:03+00:00,3,3
/media/payments/images/Screenshot_20220103-214731_Santander.jpg,60,131,54,2022-01-04T00:49:25+00:00,3,3
/media/payments/images/Screenshot_20220102-174834.png,59,130,4,2022-01-03T15:12:53+00:00,3,3
/media/payments/images/Screenshot_20220103-113530_BancoEstado.jpg,58,129,50,2022-01-03T14:35:59+00:00,3,3
/media/payments/images/Screenshot_20220103-112937_Santander.jpg,57,128,50,2022-01-03T14:31:28+00:00,3,3
/media/payments/images/Screenshot_20220103-093153.png,56,127,120,2022-01-03T12:32:29+00:00,3,3
/media/payments/images/IMG-20211231-WA0040.jpg,53,121,4,2021-12-31T21:36:12+00:00,3,3
/media/payments/images/Screenshot_20211231-135130_BancoEstado.jpg,52,119,50,2021-12-31T16:52:13+00:00,3,3
/media/payments/images/Screenshot_20211231-124235_BancoEstado.jpg,51,118,50,2021-12-31T15:43:30+00:00,3,3
/media/payments/images/Screenshot_20211230-203028_Banco_Chile.jpg,50,117,36,2021-12-30T23:30:46+00:00,3,3
/media/payments/images/Screenshot_20211230-190101_BancoEstado.jpg,49,115,50,2021-12-30T22:01:42+00:00,3,3
/media/payments/images/Screenshot_20211230-115705.png,48,116,4,2021-12-30T19:29:07+00:00,3,3
/media/payments/images/Screenshot_20211230-151252_Banco_Chile.jpg,47,114,36,2021-12-30T18:13:10+00:00,3,3
/media/payments/images/Screenshot_20211229-190103_BancoEstado.jpg,46,113,50,2021-12-29T22:01:29+00:00,3,3
/media/payments/images/tempFile3943878750460258497.png,44,111,73,2021-12-28T14:08:02+00:00,3,3
/media/payments/images/IMG-20211226-WA0025.jpg,43,108,4,2021-12-27T14:00:33+00:00,3,3
/media/payments/images/Screenshot_20211227-091034_Banco_Chile.jpg,39,104,36,2021-12-27T12:11:53+00:00,3,3
/media/payments/images/Screenshot_20211224-155304_BancoEstado.jpg,38,103,50,2021-12-24T18:53:23+00:00,3,3
/media/payments/images/Screenshot_2021-12-24-12-57-11-787_com.whatsapp.jpg,37,102,41,2021-12-24T15:58:39+00:00,3,3
/media/payments/images/IMG-20211222-WA0033.jpg,36,101,80,2021-12-22T14:49:03+00:00,3,3
/media/payments/images/20211222_110429.jpg,35,100,57,2021-12-22T14:05:15+00:00,3,3
/media/payments/images/Screenshot_20211220-121931_BancoEstado.jpg,34,97,50,2021-12-20T15:20:16+00:00,3,3
/media/payments/images/Screenshot_20211219-135629.png,33,96,72,2021-12-19T18:57:28+00:00,3,3
/media/payments/images/20211218_100043.jpg,32,95,57,2021-12-18T13:01:24+00:00,3,3
/media/payments/images/Screenshot_20211217-101046_BancoEstado.jpg,31,94,50,2021-12-17T13:11:15+00:00,3,3
/media/payments/images/1639523313887.png,29,86,41,2021-12-14T23:09:01+00:00,3,3
/media/payments/images/Screenshot_20211211-112459.png,27,82,35,2021-12-11T14:28:27+00:00,3,3
/media/payments/images/IMG-20211231-WA0047.jpg,47,121,2021-12-31T00:16:24+00:00,,,
/media/payments/images/IMG-20211231-WA0026.jpg,46,119,2021-12-31T00:16:24+00:00,,,
/media/payments/images/IMG-20211231-WA0021.jpg,45,118,2021-12-31T00:16:24+00:00,,,
/media/payments/images/IMG-20211230-WA0098.jpg,44,117,2021-12-30T00:09:56+00:00,,,
/media/payments/images/IMG-20211230-WA0094.jpg,43,115,2021-12-30T00:09:56+00:00,,,
/media/payments/images/IMG-20211230-WA0091.jpg,42,116,2021-12-30T00:09:56+00:00,,,
/media/payments/images/IMG-20211230-WA0070.jpg,41,114,2021-12-30T00:09:56+00:00,,,
/media/payments/images/IMG-20211229-WA0036.jpg,40,113,2021-12-29T00:05:51+00:00,,,
/media/payments/images/WhatsApp_Image_2021-12-28_at_10.20.57_AM.jpeg,39,111,2021-12-28T00:15:26+00:00,,,
/media/payments/images/IMG-20211227-WA0021.jpg,38,108,2021-12-27T00:04:57+00:00,,,
/media/payments/images/IMG-20211227-WA0000.jpg,36,104,2021-12-27T00:04:57+00:00,,,
/media/payments/images/IMG-20211224-WA0104.jpg,35,103,2021-12-24T00:08:56+00:00,,,
/media/payments/images/IMG-20211224-WA0070.jpg,34,102,2021-12-24T00:08:56+00:00,,,
/media/payments/images/IMG-20211222-WA0034.jpg,33,101,2021-12-22T00:26:16+00:00,,,
/media/payments/images/WhatsApp_Image_2021-12-22_at_10.14.33_AM.jpeg,32,100,2021-12-22T00:26:16+00:00,,,
/media/payments/images/WhatsApp_Image_2021-12-20_at_11.39.50_AM.jpeg,31,97,2021-12-20T00:26:15+00:00,,,
/media/payments/images/WhatsApp_Image_2021-12-19_at_3.05.31_PM.jpeg,30,96,2021-12-19T00:28:11+00:00,,,
/media/payments/images/WhatsApp_Image_2021-12-18_at_9.14.25_AM.jpeg,29,95,2021-12-18T00:12:25+00:00,,,
/media/payments/images/IMG-20211217-WA0007.jpg,28,94,2021-12-17T00:26:47+00:00,,,
/media/payments/images/IMG-20211214-WA0047.jpg,26,86,2021-12-14T00:00:30+00:00,,,
/media/payments/images/WhatsApp_Image_2021-12-11_at_11.17.32_AM.jpeg,24,82,2021-12-11T00:22:53+00:00,,,
